"Recette 1 test ","description test","20","facile"
"Recette 2 test ","description test","20","facile"
"Recette 3 test ","description test","20","facile"
"Recette 4 test ","description test","20","facile"
"Recette 3 test ","description test","20","facile"
"","","0","Inconnue"
"Nouvelle recette","Nouvelle recette Nouvelle recette","0","Inconnue"
"Nouvelle recette","Description de votre recette","0","Inconnue"
"Jeremy","C'est un boss","0","Inconnue"
"qsd qsd sqd ","sdvd fdsf sdf ","0","Inconnue"
"sef sdf sdf ","sd sdv xfbxb","0","Inconnue"
"","","0","Inconnue"
"Romain gateau","Romain gateauRomain gateauRomain gateauRomain gateauRomain gateau","0","Inconnue"
